title,url,description,type,date,authors,tags
Mapping Housing Cost Burdens Across Midsize Cities,#housing-cost-burdens,"Where renters spend more than 30 percent of income on housing, and how that share changed over five years.",Report,2024-06-18,Ada Lin;Marcus Webb,Housing;Neighborhoods
What Rising Rents Mean for Families With Young Children,#rising-rents-families,Rent growth is outpacing wages for households with children under five. Three policy levers could help.,Brief,2024-06-09,Priya Raman,Housing;Children and families
A Framework for Measuring Neighborhood Opportunity,#neighborhood-opportunity,"A composite index built from schools, jobs, transit, and health indicators, with guidance on how to use it responsibly.",Report,2024-05-24,Marcus Webb;Jordan Ellis,Neighborhoods;Data methods
Five Questions About Local Eviction Data,#eviction-data-questions,Court records undercount informal evictions. Here is what the data can and cannot tell you.,Blog post,2024-05-12,Sam Okafor,Housing;Data methods
Wealth Gaps Among Older Adults,#older-adult-wealth,A data snapshot of retirement assets and home equity by race and ethnicity.,Fact sheet,2024-04-23,Ada Lin,Wealth;Aging
Tracking Emergency Rental Assistance Outcomes,#rental-assistance-outcomes,How quickly assistance reached tenants and what happened to them six months later.,Report,2024-04-08,Priya Raman;Sam Okafor,Housing;Program evaluation
How Credit Scores Shape Access to Homeownership,#credit-scores-homeownership,"Credit invisibility and thin files keep qualified buyers out of the mortgage market. <em>Alternative data</em> could change that.",Brief,2024-03-02,Jordan Ellis,Wealth;Housing
Lessons From a Guaranteed Income Pilot,#guaranteed-income-pilot,Participants used flexible cash for rent and car repairs and to cover gaps between jobs.,Report,2024-02-14,Marcus Webb;Priya Raman,Income support;Program evaluation
Why Broadband Access Is a Workforce Issue,#broadband-workforce,Job seekers without home internet apply to fewer jobs and finish fewer training programs.,Blog post,2024-01-30,Sam Okafor,Workforce;Neighborhoods
Understanding Child Care Deserts,#child-care-deserts,Where licensed slots fall short of demand and what that means for parents' work hours.,Fact sheet,2024-01-17,Priya Raman,Children and families;Workforce
Designing Equitable Public Health Outreach,#public-health-outreach,Lessons from county health departments that co-designed vaccine outreach with community groups.,Brief,2023-12-05,Jordan Ellis;Ada Lin,Health;Community engagement
Small Business Lending in Underserved Neighborhoods,#small-business-lending,Loan approval rates and terms for small businesses by neighborhood income.,Report,2023-11-20,Marcus Webb,Wealth;Neighborhoods
Measuring the Reach of Summer Youth Employment Programs,#summer-youth-employment,Who enrolls and who completes the program in four large cities.,Report,2023-11-02,Sam Okafor;Jordan Ellis,Workforce;Program evaluation
What We Learned From Listening Sessions With Tenants,#tenant-listening-sessions,Tenants described repair delays and fees as bigger problems than rent levels.,Blog post,2023-10-18,Ada Lin,Housing;Community engagement
Health Insurance Coverage Trends,#coverage-trends,Coverage rates by age and income as pandemic-era enrollment rules unwind.,Fact sheet,2023-10-01,Jordan Ellis,Health;Income support
Reentry Housing Options After Incarceration,#reentry-housing,A scan of housing programs for people leaving prison and the barriers they face.,Report,2023-09-12,Priya Raman;Marcus Webb,Housing;Community engagement
Land Use Reform and Housing Supply,#land-use-reform,Early evidence from cities that ended single-family-only zoning.,Brief,2023-08-28,Marcus Webb,Housing;Neighborhoods
Four Ways Cities Use Participatory Budgeting,#participatory-budgeting,Residents vote on real budget items. Here is how four cities set up the process.,Blog post,2023-08-10,Sam Okafor,Community engagement
Food Insecurity Among College Students,#college-food-insecurity,One in five students reported skipping meals to afford tuition or books.,Fact sheet,2023-07-25,Ada Lin;Priya Raman,Health;Children and families
Retirement Savings Gaps by Race and Ethnicity,#retirement-savings-gaps,Access to employer plans explains much of the gap. Auto-enrollment narrows it.,Report,2023-07-06,Ada Lin,Wealth;Aging
How Transit Access Affects Job Search,#transit-job-search,Commute time limits which job openings are realistically reachable.,Blog post,2023-06-19,Jordan Ellis,Workforce;Neighborhoods
Evaluating a Community Health Worker Program,#community-health-workers,Visits from community health workers reduced emergency room use among high-need patients.,Report,2023-06-01,Priya Raman;Jordan Ellis,Health;Program evaluation
Medical Debt and Household Financial Health,#medical-debt,Medical debt in collections by county and its links to other financial stress.,Brief,2023-05-15,Sam Okafor;Ada Lin,Health;Wealth
Wage Growth for Frontline Workers,#frontline-wage-growth,Pay gains for frontline workers since 2019 and how much inflation has eroded them.,Report,2023-04-27,Marcus Webb;Sam Okafor,Workforce;Income support
