title,url,description,team,location,initials
Ada Lin,#ada-lin,Senior fellow,Research,Washington DC,AL
Marcus Webb,#marcus-webb,Program director,Research,Washington DC,MW
Priya Raman,#priya-raman,Principal research associate,Research,Chicago,PR
Jordan Ellis,#jordan-ellis,Research associate,Research,Remote,JE
Sam Okafor,#sam-okafor,Data scientist,Data and technology,Washington DC,SO
Rosa Delgado,#rosa-delgado,Senior software engineer,Data and technology,Remote,RD
Theo Nakamura,#theo-nakamura,Front-end developer,Data and technology,Remote,TN
Imani Brooks,#imani-brooks,Data visualization lead,Data and technology,Washington DC,IB
Hannah Kowalski,#hannah-kowalski,Communications manager,Communications,Washington DC,HK
Luis Ferreira,#luis-ferreira,Editor,Communications,Chicago,LF
Grace Adeyemi,#grace-adeyemi,Events coordinator,Communications,Washington DC,GA
Noah Levin,#noah-levin,Policy engagement director,Policy and engagement,Washington DC,NL
Mei Chen,#mei-chen,Community partnerships manager,Policy and engagement,Chicago,MC
Omar Haddad,#omar-haddad,Technical assistance advisor,Policy and engagement,Remote,OH
